<?xml version="1.0" encoding="utf-8"?>

<!DOCTYPE mapper
		PUBLIC "-//mybatis.org//DTD Mapper 3.0//EN"
		"http://mybatis.org/dtd/mybatis-3-mapper.dtd">
 
<mapper namespace="AddressMapper">
	

 	<resultMap id="addressSelectMap" type="AddressVo">
		
		<result property="id" column="id" jdbcType="NUMERIC"/>
		<result property="category" column="category" jdbcType="VARCHAR"/>
		<result property="partner" column="partner" jdbcType="VARCHAR"/>
		<result property="pm" column="pm" jdbcType="VARCHAR"/>
		<result property="pm_phone" column="pm_phone" jdbcType="VARCHAR"/>
		<result property="pm_email" column="pm_email" jdbcType="VARCHAR"/>
		<result property="task" column="task" jdbcType="VARCHAR"/>
		<result property="equipment" column="equipment" jdbcType="VARCHAR"/>
		<result property="engineer" column="engineer" jdbcType="VARCHAR"/>
		<result property="engineer_phone" column="engineer_phone" jdbcType="VARCHAR"/>
		<result property="engineer_email" column="engineer_email" jdbcType="VARCHAR"/>
		<result property="test_date" column="test_date" jdbcType="VARCHAR"/>
		<result property="test_type" column="test_type" jdbcType="VARCHAR"/>
		<result property="manager" column="manager" jdbcType="VARCHAR"/>
		<result property="note" column="note" jdbcType="VARCHAR"/>
		<result property="user_id" column="user_id" jdbcType="VARCHAR"/>
		
	</resultMap>
	
	<resultMap type="AddressVo" id="addressMap">
	
		<result property="id" column="id" jdbcType="NUMERIC"/>
		<result property="category" column="category" jdbcType="VARCHAR"/>
		<result property="partner" column="partner" jdbcType="VARCHAR"/>
		<result property="pm" column="pm" jdbcType="VARCHAR"/>
		<result property="pm_phone" column="pm_phone" jdbcType="VARCHAR"/>
		<result property="pm_email" column="pm_email" jdbcType="VARCHAR"/>
		<result property="task" column="task" jdbcType="VARCHAR"/>
		<result property="equipment" column="equipment" jdbcType="VARCHAR"/>
		<result property="engineer" column="engineer" jdbcType="VARCHAR"/>
		<result property="engineer_phone" column="engineer_phone" jdbcType="VARCHAR"/>
		<result property="engineer_email" column="engineer_email" jdbcType="VARCHAR"/>
		<result property="test_date" column="test_date" jdbcType="VARCHAR"/>
		<result property="test_type" column="test_type" jdbcType="VARCHAR"/>
		<result property="manager" column="manager" jdbcType="VARCHAR"/>
		<result property="note" column="note" jdbcType="VARCHAR"/>
		<result property="user_id" column="user_id" jdbcType="VARCHAR"/>
		
	</resultMap>
	
	<insert 	id="insert"		parameterType="AddressVo" >
	<![CDATA[
		insert
		  into addressbook
		values ( #{id}, #{category}, #{partner}, #{pm}, #{pm_phone}, #{pm_email}, #{task}, #{equipment}, #{engineer}, #{engineer_phone}, #{engineer_email}, #{test_date}, #{test_type}, #{manager}, #{note}, #{user_id})
		]]>  
	</insert>
	
	<select 	id="list"	parameterType="AddressVo"	resultMap="addressSelectMap">
		<![CDATA[
		select *
		  from addressbook
		]]> 
	 </select>
	 
	 <select 	id="get"	parameterType="int"	resultMap="addressMap">
		<![CDATA[
		select *
		  from addressbook where id=#{id}
		]]> 
	 </select>
	 
	 <delete id="delete" parameterType="Int">
	 	<![CDATA[
	 		DELETE FROM addressbook WHERE id=#{id}
	 	]]>
	 </delete>
	 
	 <update id="update" parameterType="AddressVo">
		<![CDATA[
			UPDATE addressbook
			SET category=#{category}, partner=#{partner}, pm=#{pm}, pm_phone=#{pm_phone}, pm_email=#{pm_email}, task=#{task}, equipment=#{equipment}, engineer=#{engineer}, engineer_phone=#{engineer_phone}, engineer_email=#{engineer_email}, test_date=#{test_date}, test_type=#{test_type}, manager=#{manager}, note=#{note}, user_id=#{user_id}
			WHERE id=#{id}
		]]>	 
	 </update>

</mapper>