<?xml version="1.0" encoding="UTF-8"?>
<beans xmlns="http://www.springframework.org/schema/beans"
	xmlns:xsi="http://www.w3.org/2001/XMLSchema-instance"
	xmlns:aop="http://www.springframework.org/schema/aop"
	xmlns:context="http://www.springframework.org/schema/context"
	xsi:schemaLocation="http://www.springframework.org/schema/beans http://www.springframework.org/schema/beans/spring-beans.xsd
        http://www.springframework.org/schema/aop http://www.springframework.org/schema/aop/spring-aop.xsd
        http://www.springframework.org/schema/context http://www.springframework.org/schema/context/spring-context.xsd
        http://www.springframework.org/schema/jee http://www.springframework.org/schema/jee/spring-jee.xsd
        http://www.springframework.org/schema/lang http://www.springframework.org/schema/lang/spring-lang.xsd
        http://www.springframework.org/schema/tx http://www.springframework.org/schema/tx/spring-tx.xsd
        http://www.springframework.org/schema/util http://www.springframework.org/schema/util/spring-util.xsd
        http://www.springframework.org/schema/data/mongo http://www.springframework.org/schema/data/mongo/spring-mongo-1.1.xsd
        http://ehcache-spring-annotations.googlecode.com/svn/schema/ehcache-spring
        http://ehcache-spring-annotations.googlecode.com/svn/schema/ehcache-spring/ehcache-spring-1.1.xsd
        http://www.springframework.org/schema/task
        http://www.springframework.org/schema/task/spring-task-3.0.xsd">



	
	<context:component-scan base-package="com.netcruz.iims" />
<!-- 		<context:include-filter type="annotation" -->
<!-- 			expression="org.springframework.stereotype.Repository" /> -->
<!-- 		<context:include-filter type="annotation" -->
<!-- 			expression="org.springframework.stereotype.Service" /> -->
<!-- 		<context:include-filter type="annotation" -->
<!-- 			expression="org.springframework.stereotype.Component" />			 -->
<!-- 	</context:component-scan> -->


	<bean id="dataSource" class="org.apache.commons.dbcp.BasicDataSource" destroy-method="close">       
		<property name="driverClassName" value="com.mysql.jdbc.Driver"/>       
		<property name="url" value="jdbc:mysql://localhost/neocothy?characterEncoding=UTF-8" />       
		<property name="username" value="root" />       
		<property name="password" value="system" />    
	</bean>	
	
	<!--ibatis SqlMapClientFactoryBean --> 
	<!--
	<bean id="sqlMapClient" class="org.springframework.orm.ibatis.SqlMapClientFactoryBean">
		<property name="dataSource" ref="dataSource"/>
		<property name="configLocation" value="classpath:/ibatis/sqlMapConfig.xml"/>
	</bean>
	
	<bean id="sqlMapClientTemplate" class="org.springframework.orm.ibatis.SqlMapClientTemplate">
		<property name="sqlMapClient" ref="sqlMapClient"/>
	</bean>	
	-->
	


	  <bean id="sqlSessionFactory" class="org.mybatis.spring.SqlSessionFactoryBean">
        <property name="dataSource" ref="dataSource" />
        <!-- 아래부분은 매핑할 xml파일이 있는 패키지경로를 설정한다. -->
        <property name="typeAliasesPackage" value="com.netcruz.iims" />
        <property name="configLocation" value="classpath:mybatis/sqlMapConfig.xml" />
    </bean>
 
    <bean id="sqlSession" class="org.mybatis.spring.SqlSessionTemplate">
        <constructor-arg name="sqlSessionFactory" ref="sqlSessionFactory" />
    </bean>
	


</beans> 
