<?xml version="1.0" encoding="UTF-8"?>
<beans xmlns:xsi="http://www.w3.org/2001/XMLSchema-instance"
	xmlns:aop="http://www.springframework.org/schema/aop" xmlns="http://www.springframework.org/schema/beans"
	xmlns:p="http://www.springframework.org/schema/p" xmlns:context="http://www.springframework.org/schema/context"
	xsi:schemaLocation="http://www.springframework.org/schema/mvc http://www.springframework.org/schema/mvc/spring-mvc-3.1.xsd
	http://www.springframework.org/schema/aop http://www.springframework.org/schema/aop/spring-aop.xsd
	http://www.springframework.org/schema/beans http://www.springframework.org/schema/beans/spring-beans-3.1.xsd
	http://www.springframework.org/schema/context http://www.springframework.org/schema/context/spring-context-3.1.xsd"
	xmlns:mvc="http://www.springframework.org/schema/mvc">

	<!-- annotation 기반으로 Bean 설정 -->
	<context:annotation-config />
	
	<!-- scanning 해야할 패키지 범위 -->
	<context:component-scan base-package="com.netcruz.iims" />

	<!-- 서블릿 컨테이너의 디폴트 서블릿 위임 햔들러 -->
	<mvc:default-servlet-handler/>

	<!-- validator, conversionService, messageConverter를 자동으로 등록 -->
	<mvc:annotation-driven />
	
	<!--VIEW RESOLVER -->
	<bean id="viewResolver" class="org.springframework.web.servlet.view.InternalResourceViewResolver" >
	   <property name="viewClass" value="org.springframework.web.servlet.view.JstlView" />
	   <property name="prefix" value="/WEB-INF/views/" />
	   <property name="suffix" value=".jsp" />
	   <property name="order" value="1" />
	</bean>


</beans>
