<?xml version="1.0" encoding="UTF-8"?>
<application xmlns:xsi="http://www.w3.org/2001/XMLSchema-instance" xmlns="http://www.zeroturnaround.com" xsi:schemaLocation="http://www.zeroturnaround.com http://www.zeroturnaround.com/alderaan/rebel-2_0.xsd">

	<classpath>
		<dir name="D:/neocothy/git/neocothy/IIMS/target/classes">
		</dir>
		<dir name="D:/neocothy/git/neocothy/IIMS/target/test-classes">
		</dir>
	</classpath>

	<web>
		<link target="/">
			<dir name="D:/neocothy/git/neocothy/IIMS/webapp">
			</dir>
		</link>
	</web>

</application>
