<?xml version="1.0" encoding="UTF-8"?>

<!DOCTYPE configuration
 		 PUBLIC "-//mybatis.org//DTD Config 3.0//EN"
 		"http://mybatis.org/dtd/mybatis-3-config.dtd">
  						
<!--	mybatis-config.xml :: MyBatis Framework  MetaData -->
<configuration>

	<!-- 기타 설정정보 :: [MyBatis_Home]/mybatis-3.2.1.pdf 참조 -->
	<settings>
		<setting name="callSettersOnNulls" value="false"/>
	</settings>	
	
	<!-- FQCN(Full Qualified Class Name) Alias(별칭관리) -->
	<typeAliases>
	
		<typeAlias alias="UserVo" type="com.netcruz.iims.vo.UserVo" />
		<typeAlias alias="AddressVo" type="com.netcruz.iims.vo.AddressVo" />
		<typeAlias alias="ManagementVo" type="com.netcruz.iims.vo.ManagementVo" />
		<typeAlias alias="IpinfoVo" type="com.netcruz.iims.vo.IpinfoVo" />
	</typeAliases>
	
	 <!-- SQL Definition :: file include -->
	<mappers>
		
		<mapper resource="mapping/UserMapper.xml"/>
		<mapper resource="mapping/AddressMapper.xml"/>
		<mapper resource="mapping/ManagementMapper.xml"/>
		<mapper resource="mapping/IpinfoMapper.xml"/>
	</mappers>

</configuration>